Id,class_0,class_1
00eed32682bb,0.4495225423561885,0.5504774576438115
010ebe33f668,0.4495225423561885,0.5504774576438115
02fa521e1838,0.4495225423561885,0.5504774576438115
040e15f562a2,0.4495225423561885,0.5504774576438115
046e85c7cc7f,0.4495225423561885,0.5504774576438115
