Id,class_0,class_1
00eed32682bb,0.8058046660407018,0.19419533395929803
010ebe33f668,0.8058046660407018,0.19419533395929803
02fa521e1838,0.8058046660407018,0.19419533395929803
040e15f562a2,0.8058046660407018,0.19419533395929803
046e85c7cc7f,0.8058046660407018,0.19419533395929803
